M, F, V, R, M, K, K, Q, M, R, 20
M, F, N, P, H, Y, D, Q, H, A, 20
M, M, K, Y, K, A, A, P, R, G, 26
M, T, T, E, N, H, C, C, H, K, -2
M, R, H, Q, F, Q, L, G, I, N, 30
M, W, G, V, C, G, C, W, I, D, 5
M, C, I, F, C, V, S, N, H, T, -2
M, H, P, K, L, C, D, H, W, M, -2
M, Y, A, D, N, N, W, A, C, D, -2
M, C, L, L, C, Y, F, P, G, M, 23
M, W, K, C, S, K, M, A, V, Y, -2
M, G, S, N, H, E, L, F, V, P, 2
M, R, Y, M, Q, M, S, S, P, W, 11
M, P, W, C, C, A, M, C, I, D, -2
M, Q, K, E, V, Q, C, P, E, Y, 2
M, L, I, S, M, L, R, M, W, D, -2
M, T, H, E, N, W, T, K, L, K, -2
M, V, V, I, T, H, C, W, L, L, -2
M, W, Q, E, A, M, T, L, A, Y, 5
M, D, L, H, E, F, A, L, S, K, -2
M, A, D, I, R, S, L, F, Y, M, -2
M, I, S, V, V, D, P, I, M, P, -2
M, R, I, L, I, E, F, C, D, M, -2
M, N, F, V, A, T, R, Q, T, F, 20
M, W, A, Y, T, T, K, F, I, Q, 26
M, D, R, Y, I, R, M, E, S, L, -2
M, R, S, M, V, S, P, W, W, C, -2
M, G, W, N, Y, F, T, F, V, T, 2
M, G, V, D, P, N, E, K, H, M, 2
M, V, E, I, N, A, L, V, P, D, -2
M, M, W, S, H, P, M, H, I, C, -2
M, T, H, W, L, S, L, P, D, Q, 26
M, M, T, F, P, F, I, P, K, A, -2
M, D, I, F, L, R, N, Y, N, S, -2
M, E, H, M, N, E, Q, G, W, W, 39
M, D, A, K, E, S, A, H, N, T, -2
M, Q, H, S, D, K, F, D, A, Y, 2
M, V, Q, S, I, I, C, H, G, K, 30
M, E, H, A, D, S, Q, R, D, F, 17
M, C, I, W, D, R, E, P, W, L, -2
M, E, G, Y, W, I, C, D, D, W, 5
M, Y, D, P, M, V, N, D, T, Q, 26
M, M, L, L, S, I, F, W, K, G, 26
M, P, Y, I, G, S, Q, N, P, K, 30
M, A, R, I, K, E, R, R, D, D, -2
M, T, D, E, G, P, H, P, I, R, 11
M, T, Y, D, N, H, L, S, Y, N, -2
M, W, M, C, F, H, N, P, P, Q, 26
M, M, F, S, M, V, N, F, I, N, -2
M, D, C, H, N, D, H, P, H, N, -2
M, M, S, V, M, N, N, I, D, C, -2
M, K, V, G, T, R, T, H, G, M, 8
M, Y, K, V, S, M, T, L, T, Q, 26
M, F, V, C, L, M, A, D, G, D, 23
M, I, D, S, C, G, S, A, Y, P, 14
M, T, N, M, I, D, N, K, C, H, -2
M, V, E, C, G, L, I, Q, F, D, 33
M, R, G, T, P, S, M, Q, I, P, 27
M, P, W, L, I, H, K, L, T, A, -2
M, D, D, P, T, N, Q, P, F, S, 17
M, A, M, Y, C, I, V, E, K, F, -2
M, H, C, G, C, E, I, R, E, D, 8
M, G, K, D, A, Y, W, M, D, M, 2
M, V, E, P, N, M, W, Y, N, S, -2
M, Q, S, A, P, P, M, F, W, Y, 2
M, T, P, I, A, D, G, I, L, T, 17
M, A, R, F, P, S, M, C, Y, E, -2
M, E, L, M, F, E, F, F, Q, I, 23
M, Q, L, D, D, N, H, R, Y, W, 2
M, G, Y, T, P, D, Q, H, L, K, 21
M, K, H, N, H, S, G, L, Q, V, 42
M, P, Y, C, L, V, Q, A, I, F, 17
M, W, Q, K, H, E, A, Q, A, V, 5
M, N, I, I, L, G, V, T, D, L, 14
M, A, G, G, S, I, M, T, L, I, 5
M, D, R, P, M, L, G, G, H, D, 17
M, Y, P, K, P, S, V, G, V, T, 20
M, I, M, W, E, S, M, G, S, I, 20
M, V, P, M, E, R, A, A, G, K, 23
M, R, N, E, Y, Y, Y, E, D, Y, -2
M, P, A, F, K, P, W, G, C, F, 20
M, A, V, A, I, E, K, W, C, P, -2
M, R, S, K, M, I, N, P, K, N, -2
M, H, G, A, N, M, T, S, S, I, 5
M, H, Q, I, C, R, P, T, Q, W, 5
M, L, Q, R, D, Y, T, S, Q, P, 5
M, R, G, E, Y, W, T, L, Y, T, 5
M, L, F, K, I, F, A, N, H, K, -2
M, P, P, W, T, V, A, A, C, F, -2
M, T, I, N, R, P, K, L, D, P, -2
M, S, D, T, N, Q, C, I, T, H, 14
M, D, K, L, G, Q, P, Q, R, Y, 27
M, E, T, S, N, Y, G, S, H, E, 17
M, H, I, W, P, N, Q, D, E, L, 17
M, R, V, W, I, M, P, H, F, D, -2
M, Y, T, H, G, M, C, F, D, T, 11
M, V, K, P, N, E, S, K, Y, M, -2
M, Y, D, S, I, M, V, A, D, S, -2
M, M, T, K, I, E, F, C, Q, Y, 23
M, M, M, C, T, V, S, W, V, N, -2